ERN,DOB
24180001,01-05-2006
24180002,05-06-2005
24180004,08-11-2006
24180007,20-10-2005
24180008,26-08-2005
24180009,14-03-2006
24180012,30-01-2006
24180015,16-02-2007
24180018,27-05-2007
24180019,18-05-2006
24180023,31-08-2006
24180024,23-04-2006
24180026,08-07-2006
24180028,16-03-2007
24180032,05-01-2007
24180035,04-06-2006
24180039,08-05-2006
24180045,29-12-2005
24180049,02-07-2006
24180053,06-10-2006
24180056,04-05-2006
24180057,17-10-2004
24180058,03-11-2006
24180059,19-05-2006
24180063,25-01-2006
24180065,08-09-2006
24180066,12-04-2007
24180069,20-12-2006
24180074,21-08-2007
24180075,21-04-2001
24180078,12-03-2005
24180079,06-09-2007
24180081,17-07-2006
24180084,03-05-2005
24180085,01-05-2006
24180087,04-07-2005
24180089,01-07-2006
24180090,26-09-2007
24180091,16-05-2005
23180095,29-07-2003
23180101,28-03-2003
23180102,09-09-2004
23180103,01-04-2005
23180104,19-03-2007
23180106,24-01-2006
23180107,31-08-2004
23180110,08-04-2007
23180114,20-01-2005
23180117,12-04-2003
23180119,10-04-2006
23180123,20-05-2005
23180126,10-03-2007
23180127,28-05-2004
23180129,11-09-2006
23180134,21-04-2005
23180139,01-11-2004
23180142,16-12-2004
23180145,18-11-2005
23180146,22-03-2004
23180148,31-12-2001
23180156,11-07-2006
23180158,03-11-2004
23180161,28-06-2003
23180163,28-02-2004
23180169,03-11-2003
23180174,22-02-2002
23180179,14-10-2004
23180184,20-07-2004
22180104,19-12-2003
22180109,16-02-2005
22180110,05-06-2003
22180130,13-04-2004
22180133,03-12-2001
22180135,05-08-2000
22180136,01-02-2004
22180138,27-01-2006
22180146,18-01-2004
22180147,13-10-2005
22180155,11-04-2004
22180158,14-06-2004
22180167,20-07-2005
22180172,19-09-2004
22180173,21-12-2004
22180174,12-12-2005
22180176,19-09-2005
22180184,14-01-2005
22180187,08-10-2005
22180188,15-12-2003